{
    "0": {
        "size": 105,
        "words": [
            [
                "the",
                0.08664244428523947
            ],
            [
                "to",
                0.06319297445234479
            ],
            [
                "and",
                0.06292777046039408
            ],
            [
                "of",
                0.05631699394618746
            ],
            [
                "in",
                0.04905702952432715
            ],
            [
                "can",
                0.039207208401757156
            ],
            [
                "agents",
                0.038507874045537044
            ],
            [
                "that",
                0.036947985788789134
            ],
            [
                "agent",
                0.03479577844958753
            ],
            [
                "for",
                0.034474347835905375
            ]
        ]
    },
    "1": {
        "size": 39,
        "words": [
            [
                "models",
                0.08592631483241299
            ],
            [
                "the",
                0.08222774309745508
            ],
            [
                "generative",
                0.08030459094045175
            ],
            [
                "data",
                0.06831603242358844
            ],
            [
                "ai",
                0.06372891999914053
            ],
            [
                "of",
                0.060009693202606205
            ],
            [
                "to",
                0.05799198342050372
            ],
            [
                "and",
                0.052659648925883325
            ],
            [
                "model",
                0.04799705685835624
            ],
            [
                "training",
                0.047035341057160944
            ]
        ]
    },
    "2": {
        "size": 19,
        "words": [
            [
                "words",
                0.11101835326851525
            ],
            [
                "embeddings",
                0.08486998699624296
            ],
            [
                "in",
                0.083817161489365
            ],
            [
                "embedding",
                0.08155507351604696
            ],
            [
                "the",
                0.070401272747227
            ],
            [
                "to",
                0.06421466922828759
            ],
            [
                "vector",
                0.058639133062446835
            ],
            [
                "semantic",
                0.05598977362932553
            ],
            [
                "word",
                0.05550971360411997
            ],
            [
                "meaning",
                0.0534821473738364
            ]
        ]
    },
    "3": {
        "size": 13,
        "words": [
            [
                "attention",
                0.11020308808688702
            ],
            [
                "the",
                0.0979462698864311
            ],
            [
                "transformers",
                0.07096478856504272
            ],
            [
                "of",
                0.0674539507776282
            ],
            [
                "sequence",
                0.06497382135678312
            ],
            [
                "to",
                0.06026304556347435
            ],
            [
                "each",
                0.058471945642324434
            ],
            [
                "mechanism",
                0.0533132842706593
            ],
            [
                "transformer",
                0.049985449391168287
            ],
            [
                "in",
                0.04907652916341664
            ]
        ]
    }
}