{
    "0": {
        "size": 108,
        "words": [
            [
                "the",
                0.09682594970419535
            ],
            [
                "to",
                0.06989336995356621
            ],
            [
                "and",
                0.06979189692745895
            ],
            [
                "of",
                0.06065153080948491
            ],
            [
                "in",
                0.052931371469411424
            ],
            [
                "can",
                0.04166349795520625
            ],
            [
                "that",
                0.04020455563480137
            ],
            [
                "agents",
                0.040176084855166105
            ],
            [
                "for",
                0.0369016965448103
            ],
            [
                "agent",
                0.03603790187937975
            ]
        ]
    },
    "1": {
        "size": 64,
        "words": [
            [
                "the",
                0.09737595274379786
            ],
            [
                "models",
                0.07117771344047201
            ],
            [
                "of",
                0.07090436711082969
            ],
            [
                "to",
                0.06398429891885737
            ],
            [
                "generative",
                0.054755920321072904
            ],
            [
                "and",
                0.05299574353324728
            ],
            [
                "in",
                0.049154806805950725
            ],
            [
                "model",
                0.04876954274460285
            ],
            [
                "data",
                0.04821087356169545
            ],
            [
                "ai",
                0.04387102470696227
            ]
        ]
    },
    "2": {
        "size": 20,
        "words": [
            [
                "words",
                0.11729008380680787
            ],
            [
                "embeddings",
                0.08895043429689246
            ],
            [
                "in",
                0.08725477390682121
            ],
            [
                "embedding",
                0.07785992520197388
            ],
            [
                "the",
                0.07704968569996772
            ],
            [
                "to",
                0.06940916179334243
            ],
            [
                "word",
                0.060754885558668204
            ],
            [
                "of",
                0.059410598059207266
            ],
            [
                "vectors",
                0.058776162231798504
            ],
            [
                "vector",
                0.05603508840354393
            ]
        ]
    }
}